Country,Measure,Units,2000,2001,2002,2003,2004,2005,2006,2007,2008,2009,2010,2011,2012,2013,2014,2015,2016,2017,2018,2019,2020,Total_arrivals_sum
Afghanistan,Total arrivals,Thousands,0.00,0.00,0.00,0.00,0.00,0.00,0.00,0.00,0.00,0.00,0.00,0.00,0.00,0.00,0.00,0.00,0.00,0.00,0.00,0.00,0.00,0.00
Albania,Total arrivals,Thousands,317.00,354.00,470.00,557.00,645.00,748.00,937.00,1127.00,1420.00,1856.00,2417.00,2932.00,3514.00,3256.00,3673.00,4131.00,4736.00,5118.00,5927.00,6406.00,2658.00,53199.00
Algeria,Total arrivals,Thousands,866.00,901.00,988.00,1166.00,1234.00,1443.00,1638.00,1743.00,1772.00,1912.00,2070.00,2395.00,2634.00,2733.00,2301.00,1710.00,2039.00,2451.00,2657.00,2371.00,591.00,37615.00
Andorra,Total arrivals,Thousands,10991.00,11351.00,11507.00,11601.00,11668.00,11049.00,10737.00,10743.00,10194.00,9112.00,8551.00,7983.00,7900.00,7676.00,7797.00,7850.00,8025.00,8152.00,8328.00,8235.00,5207.00,194657.00
Angola,Total arrivals,Thousands,0.00,0.00,0.00,0.00,0.00,0.00,0.00,0.00,0.00,0.00,0.00,0.00,0.00,0.00,0.00,0.00,0.00,0.00,0.00,0.00,0.00,0.00
Antigua And Barbuda,Total arrivals,Thousands,634.00,624.00,528.00,623.00,769.00,712.00,838.00,935.00,863.00,944.00,788.00,848.00,819.00,777.00,771.00,894.00,874.00,1040.00,1064.00,1035.00,276.00,16656.00
Argentina,Total arrivals,Thousands,0.00,0.00,0.00,0.00,0.00,0.00,0.00,0.00,0.00,0.00,0.00,0.00,0.00,0.00,0.00,0.00,9986.00,9964.00,10394.00,11131.00,3096.00,44571.00
Armenia,Total arrivals,Thousands,0.00,0.00,0.00,0.00,0.00,0.00,0.00,0.00,0.00,0.00,0.00,0.00,0.00,0.00,0.00,0.00,0.00,0.00,0.00,0.00,0.00,0.00
Australia,Total arrivals,Thousands,4931.00,4856.00,4841.00,4746.00,5215.00,5499.00,5532.00,5644.00,5586.00,5490.00,5790.00,5771.00,6032.00,6482.00,6922.00,7449.00,8269.00,8815.00,9246.00,9466.00,1828.00,128410.00
Austria,Total arrivals,Thousands,0.00,0.00,0.00,0.00,0.00,0.00,0.00,0.00,0.00,0.00,0.00,0.00,0.00,0.00,0.00,0.00,0.00,0.00,0.00,0.00,0.00,0.00
Azerbaijan,Total arrivals,Thousands,681.00,767.00,834.00,1038.00,1279.00,1177.00,1194.00,1333.00,1899.00,1830.00,1963.00,2239.00,2484.00,2509.00,2298.00,2006.00,2249.00,2697.00,2850.00,3170.00,796.00,37293.00
Bahamas,Total arrivals,Thousands,4204.00,4183.00,4406.00,4594.00,5004.00,4779.00,4731.00,4601.00,4394.00,4645.00,5255.00,5588.00,5940.00,6151.00,6320.00,6112.00,6265.00,6136.00,6622.00,7250.00,1794.50,108974.50
Bahrain,Total arrivals,Thousands,3869.00,4388.00,4831.00,4844.00,5667.00,6313.00,7289.00,7833.00,8631.00,8861.00,11952.00,6732.00,8062.00,9163.00,10452.00,9670.00,10158.00,11374.00,12045.00,11061.00,1909.00,165104.00
Bangladesh,Total arrivals,Thousands,0.00,0.00,0.00,0.00,0.00,0.00,0.00,0.00,0.00,0.00,0.00,0.00,0.00,0.00,0.00,0.00,0.00,0.00,0.00,0.00,0.00,0.00
Barbados,Total arrivals,Thousands,1078.00,1035.00,1021.00,1090.00,1273.00,1111.00,1102.00,1191.00,1165.00,1154.00,1197.00,1187.00,1053.00,1079.00,1079.00,1179.00,1227.00,1345.00,1356.00,966.00,545.80,23433.80
Belarus,Total arrivals,Thousands,2030.00,1852.00,1907.00,1729.00,1816.00,4738.00,5276.00,5283.00,5262.00,4872.00,5674.00,5877.00,6130.00,6242.00,5375.00,4386.00,10935.00,11060.00,11502.00,11832.00,3598.00,117376.00
Belgium,Total arrivals,Thousands,0.00,0.00,0.00,0.00,0.00,0.00,0.00,0.00,0.00,0.00,0.00,0.00,0.00,0.00,0.00,0.00,0.00,0.00,0.00,0.00,0.00,0.00
Belize,Total arrivals,Thousands,374.00,385.00,694.00,999.00,1329.00,1037.00,903.00,880.00,846.00,941.00,1054.00,1106.00,1028.00,1022.00,1289.00,1299.00,1391.00,1441.00,1697.00,1674.00,487.00,21876.00
Benin,Total arrivals,Thousands,1068.00,1155.00,853.00,850.00,845.00,960.00,975.00,1010.00,1027.00,0.00,0.00,222.00,232.00,252.00,265.00,279.00,292.00,307.00,322.00,337.00,354.00,11605.00
Bhutan,Total arrivals,Thousands,0.00,0.00,0.00,0.00,0.00,0.00,0.00,0.00,0.00,0.00,0.00,0.00,0.00,0.00,0.00,0.00,0.00,0.00,0.00,0.00,0.00,0.00
Bolivia,Total arrivals,Thousands,0.00,0.00,0.00,0.00,0.00,0.00,0.00,0.00,0.00,0.00,0.00,0.00,0.00,0.00,0.00,0.00,0.00,0.00,0.00,0.00,0.00,0.00
Bosnia And Herzegovina,Total arrivals,Thousands,0.00,0.00,0.00,0.00,0.00,0.00,0.00,0.00,0.00,0.00,0.00,0.00,0.00,0.00,0.00,0.00,0.00,0.00,0.00,0.00,0.00,0.00
Botswana,Total arrivals,Thousands,1306.00,1451.00,1485.00,1592.00,1727.00,1684.00,1642.00,1965.00,2344.00,0.00,0.00,0.00,0.00,0.00,0.00,1660.00,1712.00,1775.00,1830.00,0.00,0.00,22173.00
Brazil,Total arrivals,Thousands,0.00,0.00,0.00,0.00,0.00,0.00,0.00,0.00,0.00,0.00,0.00,0.00,0.00,0.00,0.00,0.00,0.00,0.00,0.00,0.00,0.00,0.00
Brunei,Total arrivals,Thousands,984.00,840.00,891.00,944.00,0.00,815.00,836.00,877.00,0.00,0.00,0.00,0.00,0.00,0.00,0.00,0.00,4257.00,4316.00,4521.00,4449.00,1071.00,24801.00
Bulgaria,Total arrivals,Thousands,4922.00,5104.00,5563.00,6241.00,6982.00,7282.00,7499.00,7726.00,8533.00,7873.00,8374.00,8713.00,8867.00,9192.00,9409.00,9317.00,10604.00,11596.00,12368.00,12552.00,4973.00,173690.00
Burkina Faso,Total arrivals,Thousands,0.00,0.00,0.00,0.00,0.00,0.00,0.00,0.00,0.00,0.00,0.00,0.00,0.00,0.00,0.00,0.00,0.00,0.00,0.00,0.00,0.00,0.00
Burundi,Total arrivals,Thousands,0.00,0.00,0.00,0.00,0.00,0.00,0.00,0.00,0.00,0.00,0.00,0.00,0.00,0.00,0.00,0.00,0.00,0.00,0.00,0.00,0.00,0.00
Cabo Verde,Total arrivals,Thousands,0.00,0.00,0.00,0.00,0.00,0.00,0.00,0.00,0.00,0.00,0.00,0.00,0.00,0.00,0.00,0.00,0.00,0.00,0.00,0.00,0.00,0.00
Cambodia,Total arrivals,Thousands,0.00,0.00,0.00,0.00,0.00,0.00,0.00,0.00,0.00,0.00,0.00,0.00,0.00,0.00,0.00,0.00,0.00,0.00,0.00,0.00,0.00,0.00
Cameroon,Total arrivals,Thousands,0.00,0.00,0.00,0.00,0.00,0.00,451.00,477.00,487.00,498.00,573.00,604.00,817.00,783.00,822.00,897.00,994.00,1081.00,997.00,1021.00,0.00,10502.00
Canada,Total arrivals,Thousands,48638.00,47147.00,44896.00,38903.00,38845.00,36160.00,33390.00,30373.00,27370.00,24696.00,25621.00,25066.00,25318.00,25167.00,25558.00,27555.00,30142.00,31081.00,31274.00,32430.00,5068.00,654698.00
Central African Republic,Total arrivals,Thousands,0.00,0.00,0.00,0.00,0.00,0.00,0.00,0.00,0.00,0.00,0.00,0.00,0.00,0.00,0.00,0.00,0.00,0.00,0.00,0.00,0.00,0.00
Chad,Total arrivals,Thousands,94.00,175.00,149.00,101.00,106.00,59.00,0.00,0.00,0.00,0.00,0.00,0.00,0.00,0.00,0.00,0.00,0.00,0.00,0.00,0.00,0.00,684.00
Chile,Total arrivals,Thousands,0.00,0.00,0.00,0.00,0.00,0.00,0.00,0.00,3713.00,3657.00,3584.00,3963.00,4397.00,4457.00,4601.00,5487.00,6712.00,7621.00,6603.00,5431.00,1310.50,61536.50
China,Total arrivals,Thousands,83444.00,89013.00,97908.00,91662.00,109038.00,120292.00,124942.00,131873.00,130027.00,126476.00,133762.00,135423.00,132405.00,129078.00,128499.00,133820.00,141774.00,153260.00,158606.00,162538.00,30402.00,2544242.00
Colombia,Total arrivals,Thousands,707.00,788.00,661.00,668.00,840.00,981.00,2096.00,2381.00,2545.00,2649.00,1701.00,2356.00,2434.00,2595.00,2866.00,3371.00,3675.00,4056.00,4397.00,4531.00,1396.00,47694.00
Comoros,Total arrivals,Thousands,0.00,0.00,0.00,0.00,0.00,0.00,0.00,0.00,0.00,0.00,0.00,0.00,0.00,0.00,0.00,0.00,0.00,0.00,0.00,0.00,0.00,0.00
Democratic Republic of the Congo,Total arrivals,Thousands,0.00,0.00,0.00,0.00,0.00,0.00,0.00,0.00,0.00,0.00,0.00,197.00,0.00,0.00,0.00,0.00,0.00,0.00,0.00,0.00,0.00,197.00
Costa Rica,Total arrivals,Thousands,1278.00,1320.00,1335.00,1514.00,1771.00,1959.00,2071.00,2302.00,2409.00,2309.00,2495.00,2526.00,2542.00,2641.00,2760.00,2899.00,3204.00,3231.00,3313.00,3366.00,1146.50,48391.50
Côte d´Ivoire,Total arrivals,Thousands,0.00,0.00,0.00,0.00,0.00,0.00,0.00,182.00,205.00,231.00,252.00,270.00,289.00,380.00,471.00,1441.00,1583.00,1800.00,1965.00,2070.00,668.00,11807.00
Croatia,Total arrivals,Thousands,37226.00,40129.00,41737.00,42857.00,44974.00,45762.00,47733.00,52271.00,51336.00,47573.00,49006.00,49969.00,47185.00,48345.00,51168.00,55858.00,57587.00,59238.00,57668.00,60021.00,21608.00,1009251.00
Cuba,Total arrivals,Thousands,1774.00,1775.00,1686.00,1906.00,2049.00,2319.00,2221.00,2152.00,2348.00,2430.00,2532.00,2716.00,2847.00,2862.00,3014.00,3540.00,4009.00,4654.00,4712.00,4276.00,1086.00,56908.00
Cyprus,Total arrivals,Thousands,2912.00,2841.00,2495.00,2416.00,2478.00,2657.00,2629.00,2671.00,2631.00,2370.00,2450.00,2626.00,2635.00,2626.00,2558.00,2780.00,3286.00,3750.00,4024.00,4117.00,0.00,56952.00
Czechia,Total arrivals,Thousands,0.00,0.00,0.00,20108.00,23808.00,24747.00,25102.00,22625.00,21850.00,23285.00,21941.00,22810.00,25750.00,26332.00,27166.00,29604.00,32519.00,34701.00,36268.00,37202.00,0.00,455818.00
Denmark,Total arrivals,Thousands,0.00,0.00,0.00,21119.00,22054.00,26927.00,26936.00,27138.00,26870.00,26571.00,26730.00,25811.00,26402.00,26516.00,28070.00,28209.00,28692.00,30736.00,30801.00,33093.00,15595.00,478270.00
Djibouti,Total arrivals,Thousands,0.00,0.00,0.00,0.00,0.00,0.00,0.00,0.00,0.00,0.00,0.00,0.00,0.00,0.00,0.00,0.00,0.00,0.00,0.00,0.00,0.00,0.00
Dominica,Total arrivals,Thousands,312.00,276.00,208.00,254.00,466.00,381.00,465.00,437.00,468.00,608.00,595.00,418.00,348.00,311.00,370.00,358.00,356.00,230.00,199.00,322.00,140.00,7522.00
Dominican Republic,Total arrivals,Thousands,3161.00,3090.00,3058.00,3680.00,3907.00,3981.00,4268.00,4365.00,4455.00,4489.00,4478.00,4654.00,4901.00,5114.00,5576.00,6129.00,6769.00,7296.00,7551.00,7550.00,2748.00,101220.00
Ecuador,Total arrivals,Thousands,627.00,641.00,683.00,761.00,819.00,860.00,841.00,937.00,1005.00,968.00,1047.00,1141.00,1272.00,1364.00,1695.00,1676.00,1569.00,1806.00,2535.00,2108.00,507.00,24862.00
Egypt,Total arrivals,Thousands,5506.00,4648.00,5192.00,6044.00,8104.00,8608.00,9083.00,11091.00,12835.00,12536.00,14731.00,9845.00,11532.00,9464.00,9878.00,9328.00,5399.00,8292.00,11346.00,13026.00,3677.00,190165.00
El Salvador,Total arrivals,Thousands,867.00,804.00,885.00,798.00,1030.00,1306.00,1501.00,1720.00,1875.00,1482.00,1606.00,1634.00,1738.00,1822.00,1886.00,1973.00,2052.00,2247.00,2536.00,2639.00,707.00,33108.00
Equatorial Guinea,Total arrivals,Thousands,0.00,0.00,0.00,0.00,0.00,0.00,0.00,0.00,0.00,0.00,0.00,0.00,0.00,0.00,0.00,0.00,0.00,0.00,0.00,0.00,0.00,0.00
Eritrea,Total arrivals,Thousands,70.00,113.00,101.00,80.00,87.00,83.00,78.00,81.00,70.00,79.00,84.00,107.00,129.00,141.00,119.00,114.00,142.00,0.00,0.00,0.00,0.00,1678.00
Estonia,Total arrivals,Thousands,3310.00,3230.00,3253.00,3378.00,0.00,0.00,0.00,0.00,3828.00,3834.00,4369.00,4907.00,5007.00,5737.00,5804.00,5696.00,5942.00,6145.00,6033.00,6103.00,1695.00,78271.00
Eswatini,Total arrivals,Thousands,1151.00,1312.00,1371.00,1543.00,0.00,1182.00,1200.00,1230.00,1186.00,1344.00,1343.00,1328.00,1278.00,1299.00,1325.00,1256.00,1279.00,1343.00,1277.00,1226.00,345.30,24818.30
Ethiopia,Total arrivals,Thousands,0.00,0.00,0.00,0.00,0.00,0.00,0.00,0.00,0.00,0.00,0.00,0.00,0.00,0.00,0.00,0.00,0.00,0.00,0.00,0.00,0.00,0.00
Fiji,Total arrivals,Thousands,434.00,446.00,461.00,451.00,513.00,547.00,0.00,542.00,627.00,605.00,692.00,734.00,741.00,769.00,781.00,869.00,963.00,1027.00,1058.00,969.00,168.00,13397.00
Finland,Total arrivals,Thousands,3789.00,4252.00,4687.00,4527.00,4854.00,5038.00,5345.00,5736.00,6072.00,5695.00,6182.00,7260.00,7636.00,0.00,0.00,0.00,0.00,0.00,0.00,0.00,0.00,71073.00
France,Total arrivals,Thousands,0.00,0.00,0.00,0.00,190282.00,185829.00,193882.00,193319.00,193571.00,192369.00,189826.00,196595.00,197522.00,204410.00,206599.00,203302.00,203042.00,207274.00,211998.00,217877.00,117109.00,3304806.00
Gabon,Total arrivals,Thousands,230.00,236.00,269.00,234.00,351.00,526.00,0.00,0.00,0.00,0.00,0.00,0.00,0.00,0.00,0.00,0.00,0.00,0.00,0.00,0.00,0.00,1846.00
Gambia,Total arrivals,Thousands,0.00,0.00,0.00,0.00,459.00,460.00,613.00,487.00,643.00,0.00,0.00,0.00,0.00,0.00,0.00,0.00,0.00,0.00,0.00,0.00,0.00,2662.00
Georgia,Total arrivals,Thousands,387.00,302.00,298.00,313.00,368.00,560.00,983.00,1052.00,1290.00,1500.00,2032.00,2712.00,4106.00,4954.00,5004.00,5256.00,5393.00,6483.00,7203.00,7726.00,1513.00,59435.00
Germany,Total arrivals,Thousands,0.00,0.00,0.00,0.00,0.00,0.00,0.00,0.00,0.00,0.00,0.00,0.00,0.00,0.00,0.00,0.00,0.00,0.00,0.00,0.00,0.00,0.00
Ghana,Total arrivals,Thousands,0.00,0.00,0.00,0.00,0.00,0.00,0.00,0.00,0.00,0.00,0.00,0.00,0.00,0.00,0.00,0.00,0.00,0.00,0.00,0.00,0.00,0.00
Greece,Total arrivals,Thousands,13567.00,14678.00,14918.00,14785.00,14268.00,15938.00,17284.00,0.00,0.00,0.00,0.00,0.00,0.00,20112.00,24272.00,26114.00,28071.00,30161.00,33072.00,34005.00,7406.00,308651.00
Grenada,Total arrivals,Thousands,316.00,277.00,271.00,294.00,370.00,380.00,342.00,406.00,428.00,460.00,445.00,447.00,370.00,327.00,387.00,437.00,474.00,468.00,529.00,526.00,217.00,8171.00
Guatemala,Total arrivals,Thousands,826.00,835.00,884.00,880.00,1182.00,1316.00,1502.00,1628.00,1715.00,1311.00,1384.00,1434.00,1491.00,1516.00,1739.00,1865.00,1906.00,2120.00,2406.00,2560.00,594.00,31094.00
Guinea,Total arrivals,Thousands,0.00,0.00,0.00,0.00,0.00,0.00,46.60,0.00,0.00,0.00,0.00,0.00,0.00,0.00,0.00,0.00,0.00,0.00,0.00,0.00,0.00,46.60
Guinea-Bissau,Total arrivals,Thousands,0.00,0.00,0.00,0.00,0.00,0.00,0.00,0.00,0.00,0.00,0.00,0.00,0.00,0.00,0.00,0.00,0.00,0.00,0.00,0.00,0.00,0.00
Guyana,Total arrivals,Thousands,0.00,0.00,0.00,0.00,0.00,0.00,0.00,0.00,0.00,0.00,0.00,0.00,0.00,0.00,0.00,0.00,0.00,0.00,0.00,0.00,86.50,86.50
Haiti,Total arrivals,Thousands,445.00,499.00,482.00,518.00,385.00,480.00,558.00,868.00,758.00,826.00,793.00,946.00,959.00,1064.00,1127.60,1190.00,1153.00,1262.00,1333.00,938.00,322.00,16906.60
Honduras,Total arrivals,Thousands,689.00,672.00,788.00,887.00,1026.00,1118.00,1136.00,1309.00,1561.00,1589.00,1965.00,1852.00,1903.00,1857.00,2082.00,2093.00,2228.00,2144.00,2323.00,2315.00,669.00,32206.00
Hungary,Total arrivals,Thousands,31141.00,30679.00,31739.00,31412.00,33934.00,36173.00,38318.00,39379.00,39554.00,40624.00,39904.00,41304.00,43565.00,43611.00,45984.00,48345.00,52890.00,54962.00,57667.00,61397.00,31641.00,874223.00
Iceland,Total arrivals,Thousands,328.00,329.00,315.00,348.00,405.00,429.00,477.00,539.00,561.00,563.00,559.00,628.00,765.00,900.00,1102.00,1389.00,1891.00,2353.00,2488.00,2202.00,488.00,19059.00
India,Total arrivals,Thousands,2677.00,2591.00,2428.00,2774.00,3512.00,4038.00,4626.00,5244.00,5373.00,5295.00,5881.00,0.00,0.00,0.00,0.00,0.00,0.00,0.00,0.00,0.00,0.00,44439.00
Indonesia,Total arrivals,Thousands,5064.00,5153.00,5033.00,4467.00,5321.00,5002.00,4871.00,5506.00,6234.00,6324.00,7003.00,7650.00,8044.00,8802.00,9435.00,10407.00,11519.00,14040.00,15810.00,16107.00,4053.00,165845.00
Iran,Total arrivals,Thousands,1342.00,1402.00,1585.00,1546.00,1659.00,1889.00,2735.00,2219.00,2034.00,2116.00,2938.00,3354.00,3834.00,4769.00,4968.00,5237.00,4942.00,4867.00,7295.00,9107.00,1550.00,71388.00
Iraq,Total arrivals,Thousands,78.00,127.00,0.00,0.00,0.00,0.00,0.00,0.00,864.00,1262.00,1518.00,1510.00,1111.00,892.00,0.00,0.00,0.00,0.00,0.00,0.00,0.00,7362.00
Ireland,Total arrivals,Thousands,0.00,0.00,0.00,0.00,0.00,0.00,0.00,0.00,0.00,0.00,0.00,0.00,0.00,0.00,0.00,0.00,0.00,0.00,0.00,0.00,0.00,0.00
Israel,Total arrivals,Thousands,2672.00,1219.00,862.10,0.00,1505.80,1916.00,1834.00,2294.00,3034.00,2740.00,3444.00,3362.00,3520.00,3540.00,3251.00,3109.00,3070.00,3863.00,4389.00,4905.00,887.00,55416.90
Italy,Total arrivals,Thousands,62702.00,60960.00,63561.00,63026.00,58480.00,59230.00,66353.00,70271.00,70719.00,71692.00,73225.00,75866.00,76293.00,76762.00,77694.00,81068.00,84925.00,89931.00,93228.60,95399.00,38419.00,1509804.60
Jamaica,Total arrivals,Thousands,2230.00,2117.00,2131.00,2483.00,2515.00,2615.00,3016.00,2880.00,2859.00,2753.00,2832.00,3077.00,3306.00,3274.00,3504.00,3692.00,3837.00,4276.00,4319.00,4233.00,1329.70,63278.70
Japan,Total arrivals,Thousands,4757.00,4772.00,5239.00,5212.00,6138.00,6728.00,7334.00,8347.00,8351.00,6790.00,8611.00,6219.00,8358.00,10364.00,13413.00,19737.00,24039.00,28691.00,31191.00,31881.00,4115.80,250287.80
Jordan,Total arrivals,Thousands,2700.00,3034.00,4677.00,4600.00,5587.00,5817.00,6573.00,6529.00,7100.00,7085.00,8078.00,6813.00,6314.00,5389.00,5327.00,4809.00,4236.00,4565.00,4922.00,5361.00,1240.00,110756.00
Kazakhstan,Total arrivals,Thousands,1683.00,2693.00,3678.00,3237.00,4291.00,4365.00,4707.00,5311.00,4117.00,3774.00,4097.00,5685.00,6163.00,6841.00,6333.00,6430.00,6509.00,7701.00,8789.00,8515.00,2035.00,106954.00
Kenya,Total arrivals,Thousands,1037.00,994.00,1001.00,1146.00,1361.00,1479.00,1601.00,1817.00,1203.00,1490.00,1609.00,1823.00,1711.00,1520.00,1350.00,1181.00,1340.00,1449.00,2025.00,2049.00,568.00,29754.00
North Korea,Total arrivals,Thousands,0.00,0.00,0.00,0.00,0.00,0.00,0.00,0.00,0.00,0.00,0.00,0.00,0.00,0.00,0.00,0.00,0.00,0.00,0.00,0.00,0.00,0.00
South Korea,Total arrivals,Thousands,5322.00,5147.00,5347.00,4753.00,5818.00,6023.00,6155.00,6448.00,6891.00,7818.00,8798.00,9795.00,11140.00,12176.00,14202.00,13232.00,17242.00,13336.00,15347.00,17503.00,2519.00,195012.00
Kuwait,Total arrivals,Thousands,1944.00,2072.00,2316.00,2602.00,3056.00,3474.00,3899.00,4482.00,4736.00,5088.00,5208.00,5574.00,5729.00,6217.00,6528.00,6941.00,7055.00,7407.00,8508.00,8565.00,2161.00,103562.00
Kyrgyzstan,Total arrivals,Thousands,173.00,199.00,183.00,342.00,398.00,319.00,766.00,1656.00,2379.00,2451.00,1224.00,3025.00,3393.00,4134.00,3791.00,4000.00,3853.00,4568.00,6947.00,8508.00,2079.00,54388.00
Laos,Total arrivals,Thousands,737.00,674.00,736.00,636.00,895.00,1095.00,1215.00,1624.00,1737.00,2008.00,2513.00,2724.00,3330.00,3779.00,4159.00,4684.00,4239.00,3869.00,4186.00,4791.00,886.40,50517.40
Latvia,Total arrivals,Thousands,1882.00,2061.00,2297.00,2524.00,3127.00,3791.00,4649.00,5209.00,5496.00,4727.00,5042.00,5538.00,5569.00,5822.00,6246.00,6842.00,6797.00,7726.00,7775.00,8342.00,3204.00,104666.00
Lebanon,Total arrivals,Thousands,0.00,0.00,0.00,0.00,0.00,0.00,0.00,0.00,0.00,0.00,0.00,0.00,0.00,0.00,0.00,0.00,0.00,0.00,0.00,0.00,0.00,0.00
Lesotho,Total arrivals,Thousands,302.00,295.00,287.00,329.00,304.00,304.00,357.00,300.00,293.00,344.00,426.00,398.00,423.00,433.00,1079.00,1082.00,1196.00,1137.00,1173.00,1142.00,0.00,11604.00
Liberia,Total arrivals,Thousands,0.00,0.00,0.00,0.00,0.00,0.00,0.00,0.00,0.00,0.00,0.00,0.00,0.00,0.00,0.00,0.00,0.00,0.00,0.00,0.00,0.00,0.00
Libya,Total arrivals,Thousands,963.00,953.00,858.00,958.00,0.00,0.00,125.00,106.00,760.00,0.00,0.00,0.00,0.00,0.00,0.00,0.00,0.00,0.00,0.00,0.00,0.00,4723.00
Liechtenstein,Total arrivals,Thousands,0.00,0.00,0.00,0.00,0.00,0.00,0.00,0.00,0.00,0.00,0.00,0.00,0.00,0.00,0.00,0.00,0.00,0.00,0.00,0.00,0.00,0.00
Lithuania,Total arrivals,Thousands,4092.00,4195.00,3999.00,3635.00,0.00,0.00,0.00,4251.00,4459.00,4001.00,4073.00,4504.00,4979.00,5264.00,5217.00,5048.00,5322.00,5590.00,6115.00,6150.00,2284.00,83178.00
Luxembourg,Total arrivals,Thousands,0.00,0.00,0.00,0.00,0.00,0.00,0.00,0.00,0.00,0.00,0.00,0.00,0.00,0.00,0.00,0.00,0.00,0.00,0.00,0.00,0.00,0.00
Madagascar,Total arrivals,Thousands,0.00,0.00,0.00,0.00,0.00,0.00,0.00,0.00,0.00,0.00,0.00,0.00,0.00,0.00,0.00,282.00,333.00,285.00,360.00,486.00,87.10,1833.10
Malawi,Total arrivals,Thousands,0.00,0.00,0.00,0.00,0.00,0.00,0.00,0.00,0.00,0.00,0.00,0.00,0.00,0.00,0.00,0.00,0.00,0.00,0.00,0.00,0.00,0.00
Malaysia,Total arrivals,Thousands,17213.00,22995.00,20756.00,16293.00,24432.00,24209.00,25298.00,28325.00,25321.00,31509.00,0.00,0.00,0.00,0.00,0.00,0.00,0.00,0.00,0.00,35046.00,6102.00,277499.00
Maldives,Total arrivals,Thousands,0.00,0.00,0.00,0.00,0.00,0.00,0.00,0.00,0.00,0.00,0.00,0.00,0.00,0.00,0.00,0.00,0.00,0.00,0.00,0.00,0.00,0.00
Mali,Total arrivals,Thousands,0.00,0.00,0.00,0.00,0.00,0.00,0.00,0.00,0.00,0.00,0.00,0.00,0.00,0.00,0.00,0.00,0.00,0.00,0.00,0.00,0.00,0.00
Malta,Total arrivals,Thousands,1387.00,1439.00,1483.00,1512.00,1428.00,1484.00,1521.00,1723.00,1832.00,1608.00,1815.00,1916.00,2007.00,2013.00,2162.00,2383.00,2592.00,2944.00,3232.00,3519.00,718.00,40718.00
Mauritania,Total arrivals,Thousands,0.00,0.00,0.00,0.00,0.00,0.00,0.00,0.00,0.00,0.00,0.00,0.00,0.00,0.00,0.00,0.00,0.00,0.00,0.00,0.00,0.00,0.00
Mauritius,Total arrivals,Thousands,678.00,675.00,709.00,721.00,739.00,782.00,807.00,933.00,970.00,890.00,956.00,983.00,984.00,1015.00,1065.00,1174.00,1307.00,1371.00,1431.00,1418.00,316.00,19924.00
Mexico,Total arrivals,Thousands,105673.00,100718.00,100153.00,92330.00,99250.00,103146.00,97701.00,93582.00,92948.00,88044.00,81953.00,75732.00,76749.00,78100.00,81042.00,87129.00,94853.00,99349.00,96497.00,97406.00,51128.00,1893483.00
Moldova,Total arrivals,Thousands,19.00,15.70,20.20,23.60,0.00,0.00,0.00,0.00,0.00,0.00,0.00,0.00,0.00,0.00,0.00,0.00,0.00,0.00,0.00,0.00,0.00,78.50
Monaco,Total arrivals,Thousands,0.00,0.00,0.00,0.00,0.00,0.00,0.00,0.00,0.00,0.00,0.00,0.00,0.00,0.00,0.00,0.00,0.00,0.00,0.00,0.00,0.00,0.00
Mongolia,Total arrivals,Thousands,158.00,192.00,235.00,205.00,305.00,345.00,408.00,455.00,469.00,465.00,557.00,627.00,624.00,515.00,506.00,467.00,471.00,543.00,598.00,637.00,66.90,8848.90
Montenegro,Total arrivals,Thousands,0.00,0.00,0.00,0.00,0.00,0.00,0.00,0.00,0.00,0.00,0.00,0.00,0.00,0.00,0.00,0.00,0.00,0.00,0.00,0.00,0.00,0.00
Morocco,Total arrivals,Thousands,4458.00,4596.00,4709.00,5021.00,5732.00,6077.00,6777.00,7701.00,8209.00,8661.00,9752.00,9784.00,9830.00,10349.00,10507.00,10542.00,10677.00,11540.00,12489.00,13109.00,2802.00,173322.00
Mozambique,Total arrivals,Thousands,0.00,404.00,943.00,726.00,711.00,954.00,1095.00,1259.00,1439.00,1711.00,1836.00,2013.00,2206.00,1970.00,1751.00,1634.00,1715.00,1514.00,2870.00,2033.00,959.00,29743.00
Myanmar,Total arrivals,Thousands,0.00,0.00,0.00,0.00,0.00,0.00,0.00,0.00,0.00,0.00,0.00,0.00,0.00,0.00,0.00,0.00,0.00,0.00,0.00,0.00,0.00,0.00
Namibia,Total arrivals,Thousands,759.00,700.00,799.00,739.00,986.00,856.00,961.00,1048.00,1079.00,1100.00,1114.00,1163.00,1245.00,1327.00,1429.00,1488.00,1551.00,1581.00,1639.00,1651.00,187.10,23402.10
Nepal,Total arrivals,Thousands,0.00,0.00,0.00,0.00,0.00,0.00,0.00,0.00,0.00,0.00,0.00,0.00,0.00,0.00,0.00,0.00,0.00,0.00,0.00,0.00,0.00,0.00
Netherlands,Total arrivals,Thousands,0.00,0.00,0.00,0.00,0.00,0.00,0.00,0.00,0.00,0.00,0.00,0.00,0.00,0.00,0.00,0.00,0.00,0.00,0.00,0.00,0.00,0.00
New Zealand,Total arrivals,Thousands,1787.00,1909.00,2045.00,2104.00,2334.00,2366.00,2409.00,2455.00,2483.00,2473.00,2530.00,2617.00,2574.00,2710.00,2854.00,3129.00,3494.00,3723.00,3858.00,3888.00,996.00,54738.00
Nicaragua,Total arrivals,Thousands,581.00,584.00,579.00,646.00,735.00,804.00,891.00,978.00,1011.00,1010.00,1071.00,1122.00,1233.00,1273.00,1390.00,1456.00,1596.00,1958.00,1412.00,1455.00,474.00,22259.00
Niger,Total arrivals,Thousands,0.00,0.00,0.00,0.00,0.00,0.00,0.00,0.00,0.00,0.00,0.00,0.00,0.00,0.00,0.00,0.00,0.00,0.00,0.00,0.00,0.00,0.00
Nigeria,Total arrivals,Thousands,1492.00,1753.00,2046.00,2253.00,2646.00,2778.00,3056.00,5239.00,5820.00,6053.00,6113.00,3765.00,4673.00,4038.00,4803.00,6017.00,5265.00,0.00,0.00,0.00,0.00,67810.00
North Macedonia,Total arrivals,Thousands,0.00,0.00,0.00,0.00,0.00,0.00,0.00,0.00,0.00,0.00,0.00,0.00,0.00,0.00,0.00,0.00,0.00,0.00,0.00,0.00,0.00,0.00
Norway,Total arrivals,Thousands,5121.00,5115.00,4543.00,4686.00,5130.00,5418.00,5738.00,6017.00,6054.00,6114.00,6578.00,6693.00,0.00,0.00,0.00,0.00,0.00,0.00,0.00,0.00,0.00,67207.00
Oman,Total arrivals,Thousands,0.00,1095.00,1112.00,1210.00,1407.00,1101.00,1385.00,1360.00,1540.00,1584.00,1500.00,1393.00,1714.00,1923.00,2225.00,2634.00,3207.00,3178.00,3242.00,3506.00,869.00,37185.00
Pakistan,Total arrivals,Thousands,0.00,0.00,0.00,0.00,0.00,0.00,0.00,0.00,0.00,0.00,0.00,0.00,0.00,0.00,0.00,0.00,0.00,0.00,0.00,0.00,0.00,0.00
Panama,Total arrivals,Thousands,600.00,737.00,800.00,897.00,1004.00,1070.00,1215.00,1428.00,1575.00,1562.00,1726.00,2004.00,2086.00,2202.00,2305.00,2553.00,2379.00,2517.00,2487.00,2494.00,647.00,34288.00
Papua New Guinea,Total arrivals,Thousands,0.00,0.00,0.00,0.00,0.00,0.00,0.00,0.00,120.00,126.00,146.00,165.00,175.00,182.00,191.00,199.00,198.00,182.00,195.00,211.00,39.00,2129.00
Paraguay,Total arrivals,Thousands,3924.00,3550.00,3194.00,2859.00,2589.00,2648.00,2830.00,3005.00,3118.00,3183.00,3171.00,3365.00,3655.00,3538.00,3455.00,4102.00,4318.00,4744.00,4183.00,4368.00,1077.00,70876.00
Peru,Total arrivals,Thousands,0.00,0.00,0.00,0.00,1650.00,1938.00,2227.00,2451.00,2581.00,2681.00,2948.00,3299.00,3642.00,4010.00,4062.00,4381.00,4718.00,4992.00,5384.00,5275.00,1119.00,57358.00
Philippines,Total arrivals,Thousands,0.00,0.00,0.00,0.00,0.00,0.00,0.00,0.00,0.00,0.00,0.00,0.00,0.00,0.00,0.00,0.00,0.00,0.00,0.00,0.00,0.00,0.00
Poland,Total arrivals,Thousands,84515.00,61431.00,50735.00,52130.00,61918.00,64606.00,65115.00,66208.00,59935.00,53840.00,58340.00,60745.00,67390.00,72310.00,73750.00,77743.00,80476.00,83804.00,85946.00,88515.00,51076.00,1420528.00
Portugal,Total arrivals,Thousands,28014.00,28150.00,27194.00,27532.00,21165.00,21173.00,22588.00,0.00,0.00,0.00,0.00,0.00,0.00,0.00,0.00,0.00,0.00,0.00,0.00,0.00,0.00,175816.00
Puerto Rico,Total arrivals,Thousands,4566.00,4908.00,4364.00,4402.00,4889.00,5073.00,5022.00,5062.00,5213.00,4415.00,4379.00,4214.00,4197.00,4210.00,4456.00,5051.00,5003.00,4927.00,4260.00,4931.00,3882.00,97424.00
Qatar,Total arrivals,Thousands,0.00,0.00,0.00,0.00,0.00,0.00,0.00,0.00,0.00,1482.00,1700.00,2057.00,2324.00,2612.00,2839.00,2941.00,2938.00,2256.00,1819.00,2136.50,582.00,25686.50
Romania,Total arrivals,Thousands,5264.00,4938.00,4794.00,5595.00,6600.00,5839.00,6037.00,7722.00,8862.00,7575.00,7498.00,7611.00,7937.00,8019.00,8442.00,9331.00,10223.00,10926.00,11720.00,12815.00,5023.00,162771.00
Russia,Total arrivals,Thousands,21169.00,21595.00,23309.00,22521.00,22064.00,22201.00,22486.00,22909.00,23676.00,21339.00,22281.00,24932.00,28177.00,30792.00,32421.00,33729.00,24571.00,24390.00,24551.00,24419.00,6359.00,499891.00
Rwanda,Total arrivals,Thousands,0.00,0.00,0.00,0.00,0.00,0.00,531.00,610.00,669.00,664.00,667.00,908.00,1061.00,1122.00,1220.00,1298.00,1377.00,1570.00,1711.00,1634.00,0.00,15042.00
Saint Kitts And Nevis,Total arrivals,Thousands,247.00,334.00,240.00,247.00,383.00,365.00,350.00,379.00,533.00,548.00,624.00,723.00,666.00,695.00,818.00,1036.00,1055.00,1194.00,1278.00,1107.00,301.40,13123.40
Saint Lucia,Total arrivals,Thousands,727.00,747.00,648.00,683.00,791.00,720.00,670.00,905.00,925.00,982.00,984.00,950.00,889.00,921.00,987.00,1031.00,948.00,1064.00,1165.00,1220.00,432.50,18389.50
Saint Vincent And The Grenadines,Total arrivals,Thousands,256.00,254.00,247.00,242.00,262.00,256.00,306.00,328.00,250.00,271.00,231.00,208.00,200.00,200.00,205.00,207.00,227.00,303.00,356.00,404.00,155.00,5368.00
San Marino,Total arrivals,Thousands,3071.00,3036.00,3102.00,2882.00,2812.00,2107.00,2136.00,2164.00,2112.00,2056.00,1976.00,2038.00,1869.00,1905.00,2004.00,1888.00,2000.00,1937.00,1874.00,1904.00,1015.00,45888.00
Sao Tome And Principe,Total arrivals,Thousands,0.00,7.70,0.00,0.00,0.00,0.00,0.00,0.00,0.00,0.00,0.00,0.00,0.00,0.00,0.00,0.00,0.00,0.00,0.00,0.00,0.00,7.70
Saudi Arabia,Total arrivals,Thousands,0.00,0.00,0.00,0.00,11083.00,10417.00,10962.00,13479.00,17717.00,13319.00,13025.00,15776.00,19847.00,19934.00,23010.00,21834.00,20887.00,18607.00,17570.00,20292.00,4882.00,272641.00
Senegal,Total arrivals,Thousands,0.00,0.00,0.00,502.00,677.00,779.00,876.00,879.00,877.00,815.00,906.00,977.00,967.00,1069.00,976.00,1014.00,1219.00,1376.00,0.00,0.00,0.00,13909.00
Serbia,Total arrivals,Thousands,0.00,0.00,0.00,0.00,0.00,0.00,0.00,0.00,0.00,0.00,0.00,0.00,0.00,0.00,0.00,0.00,0.00,0.00,0.00,0.00,0.00,0.00
Seychelles,Total arrivals,Thousands,140.00,138.00,135.00,127.00,126.00,135.00,151.00,171.00,173.00,178.00,191.00,210.00,216.00,237.00,239.00,296.00,333.00,382.00,405.00,428.00,124.50,4535.50
Sierra Leone,Total arrivals,Thousands,0.00,0.00,0.00,0.00,0.00,0.00,0.00,0.00,0.00,0.00,0.00,0.00,75.00,95.00,53.00,31.00,60.00,59.00,66.00,71.00,26.00,536.00
Singapore,Total arrivals,Thousands,7691.00,7522.00,7567.00,6127.00,8329.00,8943.00,9751.00,10285.00,10116.00,9683.00,11642.00,13171.00,14496.00,15568.00,15095.00,15231.50,16403.00,17425.00,18508.00,19116.00,2742.00,245411.50
Slovakia,Total arrivals,Thousands,0.00,0.00,0.00,0.00,0.00,0.00,0.00,0.00,0.00,0.00,0.00,0.00,0.00,12583.00,11556.00,14936.00,17376.00,15406.00,15299.00,16086.00,0.00,103242.00
Slovenia,Total arrivals,Thousands,63580.00,61878.00,60031.00,59388.00,63013.00,60230.00,58274.00,61293.00,0.00,0.00,0.00,0.00,0.00,0.00,0.00,0.00,0.00,0.00,0.00,0.00,0.00,487687.00
Solomon Islands,Total arrivals,Thousands,0.00,0.00,0.00,0.00,0.00,0.00,0.00,0.00,0.00,0.00,0.00,0.00,0.00,0.00,0.00,0.00,0.00,0.00,0.00,0.00,0.00,0.00
Somalia,Total arrivals,Thousands,0.00,0.00,0.00,0.00,0.00,0.00,0.00,0.00,0.00,0.00,0.00,0.00,0.00,0.00,0.00,0.00,0.00,0.00,0.00,0.00,0.00,0.00
South Africa,Total arrivals,Thousands,6001.00,5908.00,6550.00,6640.00,6815.00,7518.00,8509.00,9208.00,9729.00,9532.00,11303.00,12097.00,13069.00,14318.00,14530.00,13952.00,15121.00,14975.00,15004.00,14797.00,3886.60,219462.60
South Sudan,Total arrivals,Thousands,0.00,0.00,0.00,0.00,0.00,0.00,0.00,0.00,0.00,0.00,0.00,0.00,0.00,0.00,0.00,0.00,0.00,0.00,0.00,0.00,0.00,0.00
Spain,Total arrivals,Thousands,74580.00,75564.00,79313.00,82326.00,85981.00,92563.00,96152.00,98907.00,97670.00,91899.00,93744.00,99187.00,98128.00,103231.00,107144.00,109834.00,115561.00,121717.00,124456.00,126170.00,36410.00,2010537.00
Sri Lanka,Total arrivals,Thousands,445.00,397.00,457.00,583.00,681.00,669.00,689.00,592.00,526.00,538.00,766.00,976.00,1133.00,1415.00,1665.00,1993.00,2168.00,2248.00,2521.00,2027.00,540.00,23029.00
Palestine,Total arrivals,Thousands,1055.00,0.00,0.00,0.00,0.00,0.00,0.00,928.00,1487.00,1740.00,2821.00,2730.00,3051.00,2874.00,2907.00,2054.00,2231.00,2766.00,3050.00,3810.00,0.00,33504.00
Sudan,Total arrivals,Thousands,0.00,0.00,0.00,0.00,0.00,0.00,0.00,0.00,0.00,0.00,0.00,0.00,0.00,0.00,0.00,0.00,0.00,0.00,0.00,0.00,0.00,0.00
Suriname,Total arrivals,Thousands,72.00,68.00,0.00,100.00,0.00,0.00,154.00,167.00,151.00,151.00,206.00,221.00,240.00,250.00,253.00,229.00,257.00,279.00,0.00,0.00,0.00,2798.00
Sweden,Total arrivals,Thousands,0.00,7432.00,7457.00,7627.00,0.00,0.00,0.00,0.00,0.00,0.00,0.00,19405.00,20011.00,18803.00,19945.00,0.00,0.00,0.00,0.00,0.00,0.00,100680.00
Switzerland,Total arrivals,Thousands,0.00,0.00,0.00,0.00,0.00,0.00,0.00,0.00,0.00,0.00,0.00,0.00,0.00,0.00,0.00,0.00,0.00,0.00,0.00,0.00,0.00,0.00
Syria,Total arrivals,Thousands,3412.00,3671.00,4678.00,4837.00,6334.00,5859.00,5682.00,5434.00,6951.00,7721.00,10970.00,6476.00,0.00,0.00,0.00,0.00,1043.00,1291.00,1802.00,2424.00,479.00,79064.00
Taiwan,Total arrivals,Thousands,2624.00,2831.00,2978.00,2248.00,2950.00,3378.00,3520.00,3716.00,3845.00,4395.00,5567.00,6087.00,7311.00,8016.00,9910.00,10440.00,10690.00,10740.00,11067.00,11864.00,1378.00,125555.00
Tajikistan,Total arrivals,Thousands,7.70,5.20,0.00,0.00,0.00,0.00,0.00,0.00,325.00,207.00,160.00,183.00,244.00,208.00,213.00,414.00,344.00,431.00,1035.00,1257.00,351.00,5384.90
Tanzania,Total arrivals,Thousands,501.00,525.00,575.00,576.00,583.00,613.00,644.00,719.00,770.00,714.00,783.00,868.00,1077.00,1096.00,1140.00,1137.00,1284.00,1327.00,1506.00,1527.00,621.00,18586.00
Thailand,Total arrivals,Thousands,10096.00,10751.00,0.00,0.00,0.00,0.00,0.00,0.00,0.00,0.00,0.00,0.00,0.00,0.00,0.00,0.00,0.00,0.00,0.00,0.00,0.00,20847.00
Timor-Leste,Total arrivals,Thousands,0.00,0.00,0.00,0.00,0.00,0.00,0.00,0.00,0.00,0.00,0.00,0.00,0.00,0.00,0.00,0.00,0.00,0.00,0.00,0.00,0.00,0.00
Togo,Total arrivals,Thousands,0.00,0.00,0.00,0.00,0.00,0.00,0.00,0.00,0.00,0.00,0.00,0.00,0.00,0.00,0.00,0.00,0.00,0.00,0.00,0.00,0.00,0.00
Trinidad And Tobago,Total arrivals,Thousands,503.00,468.00,451.00,474.00,501.00,529.00,534.00,531.00,482.00,534.00,490.00,491.00,504.00,467.00,455.00,519.00,492.00,465.00,501.00,480.00,141.00,10012.00
Tunisia,Total arrivals,Thousands,5244.00,5663.00,5322.00,5492.00,6419.00,6975.00,7176.00,7512.00,7750.00,8507.00,8640.00,6038.00,0.00,0.00,0.00,0.00,0.00,0.00,0.00,0.00,0.00,80738.00
Turkey,Total arrivals,Thousands,10428.00,11619.00,13256.00,14030.00,17517.00,21125.00,19820.00,27215.00,31138.00,31760.00,32997.00,36769.00,37715.00,39861.00,41627.00,41114.00,30907.00,37970.00,46113.00,51747.00,15971.00,610699.00
Turkmenistan,Total arrivals,Thousands,0.00,0.00,0.00,0.00,0.00,0.00,0.00,0.00,0.00,0.00,0.00,0.00,0.00,0.00,0.00,0.00,0.00,0.00,0.00,0.00,0.00,0.00
Uganda,Total arrivals,Thousands,0.00,0.00,0.00,0.00,0.00,0.00,0.00,0.00,0.00,0.00,0.00,0.00,0.00,0.00,0.00,0.00,0.00,0.00,0.00,0.00,0.00,0.00
Ukraine,Total arrivals,Thousands,11691.00,11877.00,12793.00,15161.00,18583.00,20489.00,21714.00,26162.00,28827.00,24033.00,24114.00,24535.00,25061.00,26025.00,13227.00,13025.00,13734.00,14579.00,14342.00,13710.00,3382.00,377064.00
United Arab Emirates,Total arrivals,Thousands,0.00,0.00,0.00,0.00,0.00,0.00,0.00,0.00,0.00,0.00,0.00,0.00,0.00,0.00,0.00,19313.00,20894.00,21805.00,23092.00,25282.00,8084.00,118470.00
United Kingdom,Total arrivals,Thousands,25209.00,22835.00,24180.00,24715.00,27755.00,29970.00,32713.00,32778.00,31888.00,31072.00,30398.00,31886.00,32221.00,33567.00,35337.00,36792.00,39129.00,41080.00,40283.00,40857.00,11101.00,655766.00
United States Of America,Total arrivals,Thousands,78343.00,70975.00,64434.00,62082.00,67606.00,71484.00,183178.00,175299.00,175703.00,160508.00,162275.00,147271.42,171629.90,179309.91,178311.35,176864.53,175261.49,174291.75,169324.92,165478.00,45037.00,2854667.25
Uruguay,Total arrivals,Thousands,2236.00,2136.00,1354.00,1508.00,1871.00,1917.00,1824.00,1815.00,2255.00,2303.00,2708.00,3244.00,3155.00,3242.00,3195.00,3286.00,3632.00,4219.00,3954.00,3480.00,0.00,53334.00
Uzbekistan,Total arrivals,Thousands,302.00,345.00,332.00,231.00,262.00,242.00,560.00,903.00,1069.00,1215.00,975.00,1393.00,1895.00,1969.00,1862.00,1918.00,2027.00,2690.00,5346.00,6749.00,1504.00,33789.00
Vanuatu,Total arrivals,Thousands,106.00,106.00,99.00,102.00,99.00,126.00,154.00,167.00,196.60,225.50,237.70,248.90,321.00,357.00,329.00,287.00,351.60,332.70,350.20,256.00,82.40,4534.60
Venezuela,Total arrivals,Thousands,602.00,792.00,590.00,435.00,618.00,846.00,883.00,898.00,702.00,567.00,535.00,625.00,1061.00,1085.00,967.00,882.00,681.00,429.00,0.00,0.00,0.00,13198.00
Vietnam,Total arrivals,Thousands,2140.00,2330.00,2628.00,2429.00,2928.00,3477.00,3583.00,4229.00,4236.00,3747.00,5050.00,6014.00,6848.00,7572.00,7874.00,7944.00,10013.00,12922.00,15498.00,18009.00,3687.00,133158.00
Yemen,Total arrivals,Thousands,0.00,0.00,0.00,0.00,0.00,0.00,0.00,0.00,0.00,0.00,1035.00,1175.00,1282.00,1323.00,1218.00,398.00,0.00,0.00,0.00,0.00,0.00,6431.00
Zambia,Total arrivals,Thousands,0.00,0.00,0.00,0.00,0.00,0.00,0.00,0.00,0.00,0.00,0.00,0.00,0.00,0.00,0.00,0.00,0.00,0.00,0.00,0.00,0.00,0.00
Zimbabwe,Total arrivals,Thousands,1967.00,2217.00,2041.00,2256.00,1854.00,1559.00,2287.00,2506.00,1956.00,2017.00,2239.00,2423.00,1794.00,1833.00,1880.00,2057.00,2168.00,2423.00,2580.00,2294.00,639.00,0.00